"No.","IP Address","Type","Serial Number","Code","Receive Date","Warranty Date","DocRefer1","DocRefer2","Brand","Model","CPU Brand","CPU Speed","Capacity","Ram","Detail 1","Detail 2","Detail 3","Detail 4","Detail 5","Detail 6","OS License","OS Installed","Note","Location" 
"1"," ","Monitor","CNT9190117","OF09-06-008","Aug 3 2009 12:00AM"," ","CH-BP-001"," ","HP","W185 - LCD 18 Inch"," "," ","0","0"," "," "," "," "," "," "," "," ","BOI01                                                                          ","General OfficeFactory 1" 
"2"," ","Printers","15307B312E"," ","Jan 16 2017 12:00AM","12"," "," ","Henywell","PC42T"," "," ","0","0"," "," "," "," "," "," "," "," "," ","Warehouse RoomFactory 1" 
"3","192.168.10.","Computer","DMN2VG2"," ","Aug 8 2017 12:00AM","36"," "," ","Dell","OptiPlex 3046","i3","3.70 ","1000","4096"," "," "," "," "," "," ","Windows10 Pro 64 bit","Windows 7 32 bit","IT05","Production OfficeFactory 1" 
"4","000.000.00.3","Computer","Machine PC"," -","Oct 5 2012 12:00AM"," ","CH-QC-009"," ","LOGITECH","A_LCT SM-74N08","Intel Pentium Dual-core E5300","2.60","320","1024","(DVD/DVD RW)","Sound Card: Onboard","Speaker: Onboard","Lan Card: Onboard"," ","32 bit","Windows XP","Windows XP","                                               ","QA/QC Test RoomFactory 1" 
"5","000.000.00.6","Printers","QAHP80000"," ","May 10 2012 12:00AM"," ","CD09"," ","HP","HP Office Pro 8000"," "," ","0","0"," "," "," "," "," "," "," "," "," ","QA/QC Test RoomFactory 1" 
"6","192.168.10.2","Accessories","Assess point "," ","Jun 2 2013 12:00AM","0"," "," ","HP","E-MSM466"," "," ","0","0"," "," "," "," ","28-92-4A-93-5D-00"," "," "," ","                                               ","Production OfficeFactory 1" 
"7","192.168.10.3","Accessories","Access point"," ","May 8 2014 12:00AM","0"," "," ","LINKSYS","E1200"," "," ","0","0"," "," "," "," ","C8-B3-73-44-41-AE"," "," "," ","                                                                      ","Warehouse RoomFactory 1" 
"8","192.168.10.4","Accessories","Access point"," ","Jun 2 2011 12:00AM","0"," "," ","LINKSYS","WAP610N "," "," ","0","0"," "," "," "," ","98-FC-11-A7-EF-84"," "," "," ","                                                                      ","Production OfficeFactory 1" 
"9","192.168.10.5","Accessories","Access point"," ","Jun 2 2009 12:00AM","0"," "," ","LINKSYS","WAP54G"," "," ","0","0"," "," "," "," ","00-23-69-78-8A-7A"," "," "," ","                                               ","Assembly AreaFactory 1" 
"10","192.168.10.6","Accessories","Access point"," ","Jun 2 2014 12:00AM","0"," "," ","LINKSYS","WAP54G"," "," ","0","0"," "," "," "," ","00-21-29-EB-B7-D8 "," "," "," ","                                               ","Production OfficeFactory 2" 
"11","192.168.10.7","Accessories","3907061042","OF09-08-078","Jun 2 2009 12:00AM","0"," "," ","Blue Coat Proxy","210-10 "," "," ","0","0"," "," "," "," ","00-D0-83-04-EE-A7 "," "," "," ","                                                                                                                                           ","Server RoomFactory 1" 
"12","192.168.10.8","Accessories","9J8FATNB43576"," ","Jun 2 2010 12:00AM"," "," "," ","3COM"," "," "," ","0","0"," "," "," "," ","00-22-57-B4-3D-7A"," "," "," ","                                               ","Server RoomFactory 1" 
"13","192.168.10.9","Accessories","CN56GP72SY"," ","Sep 15 2015 12:00AM"," "," "," ","HP","1920   48/G"," "," ","0","0"," "," "," "," ","84-2b-2b-b0-18-25"," "," "," ","                                                                                                                    ","Server RoomFactory 1" 
"14","000.000.00.10","Printers","MP14501"," ","May 4 2010 12:00AM"," ","CD03"," ","CANON","MP-145"," "," ","0","0"," "," "," "," "," "," "," "," "," ","Server RoomFactory 1" 
"15","000.000.00.12","Accessories","CN2ADXZ1GF"," ","Jun 10 2013 12:00AM"," "," "," ","HP","1410-8  Switch 8 Port 10/100"," "," ","0","0"," "," "," "," "," "," "," "," ","                        ","Production OfficeFactory 2" 
"16","000.000.00.13","Accessories","DNI171004Z5"," ","Jun 10 2013 12:00AM","12"," "," ","CISCO","SG90D-08 Switch 8 port Gigabit"," "," ","0","0"," "," "," "," "," "," "," "," ","                                                                                             ","Server RoomFactory 1" 
"17","000.000.00.14","Accessories","QB20186019963"," ","Sep 14 2011 12:00AM"," "," "," ","DLINK","DES-1008A SWITCH 8 PORT"," "," ","0","0"," "," "," "," "," "," "," "," "," ","Server RoomFactory 1" 
"18","000.000.00.15","Accessories","QB3A1B6008140"," ","Sep 14 2011 12:00AM"," "," "," ","DLINK","DES-1016A SWITCH 16 PORT"," "," ","0","0"," "," "," "," "," "," "," "," "," ","Production OfficeFactory 1" 
"19","000.000.00.16","Accessories","F37098802444"," ","Nov 2 2011 12:00AM"," "," "," ","DLINK","DGS-1008D SWITCH 8 PORT"," "," ","0","0"," "," "," "," "," "," "," "," "," ","Presentation RoomFactory 1" 
"20","000.000.00.17","Accessories","HPQ-J9661A"," ","Oct 22 2012 12:00AM"," "," "," ","HP","V1410-8 Switch 10/100"," "," ","0","0"," "," "," "," "," "," "," "," "," ","Warehouse RoomFactory 1" 
"21","000.000.00.18","Accessories","HPQ-J9559A"," ","Oct 22 2012 12:00AM"," "," "," ","HP","V1410-8 GSwitch 10/100/1000"," "," ","0","0"," "," "," "," "," "," "," "," "," ","General OfficeFactory 1" 
"22","000.000.00.19","Accessories","HPQ-J9561A","OF13-09-204","Sep 12 2013 12:00AM"," "," "," ","HP","V1410-24G Switch "," "," ","0","0"," "," "," "," "," "," "," "," ","                        ","Server RoomFactory 1" 
"23","000.000.00.20","Accessories","Switch"," ","Jun 3 2009 12:00AM"," "," "," ","3COM","5 Port 10/100"," "," ","0","0"," "," "," "," "," "," "," "," "," ","Production OfficeFactory 1" 
"24","000.000.00.21","Accessories","X100148C","OF09-07-028","Aug 25 2009 12:00AM","0"," "," ","Canon","LV-7365"," "," ","0","0"," "," "," "," "," "," "," "," "," ","Presentation RoomFactory 1" 
"25","192.168.10.10","Accessories","UPS(APC)"," ","Jun 2 2009 12:00AM","0","it "," ","APC","Smart-UPS 3000 RM"," "," ","0","0"," UPS"," "," "," ","00-C0-B7-D7-1F-01 "," "," "," ","                                                                                             ","Server RoomFactory 1" 
"26","192.168.10.11","Server","YKKG001174","OF09-08-075","Aug 3 2009 12:00AM"," ","CH-IT-002"," ","FUJITSU","PRIMERGY TX200 S5","Intel Xeon CPU E5506","2.13","830","4096","FUJITSU RC24","(CD/DVD)","Sound Card: Onboard","Lan Card: Onboard","00-15-17-BC-0E-61"," 32 bit","Windows Server 2008 r2","Windows Server 2003 r2","                                                                                             ","Server RoomFactory 1" 
"27","192.168.10.11","TapeReader","TAPE-001","FA13-03-407","Mar 7 2013 12:00AM","6","CH-IT-002"," "," "," "," "," ","0","0"," "," "," "," "," "," "," "," ","                                                                                             ","Server RoomFactory 1" 
"28","192.168.10.12","Server","YKHJ002198","OF09-08-076","May 26 2014 12:00AM"," ","CH-IT-003"," ","FUJITSU","PRIMERGY RX200 S5","Intel Xeon CPU E5506","2.13","140","4096","FUJITSU RC24","CD/DVD","Sound Card: Onboard","Lan Card: Onboard","00-0A-E4-8B-76-9C","32 bit","Windows Server 2008 r2","Windows Server 2003 r2","                                                                                                                                                                                                                                       ","Server RoomFactory 1" 
"29","192.168.10.13","Server","YKHJ002199","OF09-08-077","Aug 3 2009 12:00AM"," ","CH-IT-004"," ","FUJITSU","PRIMERGY RX200 S5","Intel Pentium III Xeon processor","2.1","280","2048","FUJITSU RC24","CD/DVD","Sound Card: Onboard","Lan Card: Onboard","00-0A-E4-8B-76-AE ","32 bit","Windows Server 2008 r2","Windows Server 2003 r2","                                                                                             ","Server RoomFactory 1" 
"30","192.168.10.14","Server","OGURANAS","OF09-08-073","Aug 23 2009 12:00AM"," ","CH-IT-010"," ","BUFFALO","Tera Station Pro"," "," ","0","0"," "," "," "," ","00-1D-73-26-72-11"," "," "," ","                                               ","Server RoomFactory 1" 
"31","192.168.10.15","Computer","HRTIME01","OF09-07-010","Aug 25 2009 12:00AM"," ","CH-IT-011"," ","ASUS","VENTO AK"," Intel Core Duo E8400","3.0","0","2048"," "," "," "," ","00-13-F7-FE-68-5D"," ","Windows Vista","Windows XP","                                                                                                                    ","Server RoomFactory 1" 
"32","192.168.10.15","Monitor","ETLEXW0019240725F4330","OF09-07-010","Aug 25 2009 12:00AM"," ","CH-IT-011"," ","ACER","LCD  21 Inch"," "," ","0","0"," "," "," "," "," "," "," "," "," ","Server RoomFactory 1" 
"33","192.168.10.16","Accessories","CCTV01"," ","Aug 25 2009 12:00AM"," ","CH-IT-012"," ","SECOM","GANZ"," "," ","4096","0"," "," "," "," ","00-11-5F-04-62-A8 "," "," "," ","                        ","Server RoomFactory 1" 
"34","192.168.10.16","Monitor","DELLCCTV-001"," ","Aug 25 2009 12:00AM"," ","CH-IT-012"," ","DELL","E170SC - LCD 17 Inch"," "," ","0","0"," "," "," "," "," "," "," "," "," ","Server RoomFactory 1" 
"35","192.168.10.17","Accessories","CCTV02"," ","Oct 1 2012 12:00AM"," ","CH-IT-013"," ","SECOM","GANZ"," "," ","4096","0"," "," "," "," ","00-11-5F-0B-8A-D2"," "," "," ","                        ","Production OfficeFactory 2" 
"36","192.168.10.17","Monitor","DELLCCTV-002"," ","Oct 1 2012 12:00AM"," ","CH-IT-013"," ","DELL","21 Inch"," "," ","0","0"," "," "," "," "," "," "," "," ","                                               ","Production OfficeFactory 2" 
"37","192.168.10.20","Computer","CNX8491900","OF09-01-003","Aug 3 2009 12:00AM"," ","CH-AC-001"," ","HP","Pavilion FT936AA-AKL G36721","Intel Pentium Dual E2220","2.20","480","2048","HP (CD/DVD)","Sound Card: Onboard","Speaker: Onboard","Lan Card: Onboard","00-21-85-C7-C5-44","32 bit","Windows Vista","Windows XP","IT-LOG
                                                 ","Server RoomFactory 1" 
"38","192.168.10.21","Accessories","Print Server"," ","Jun 3 2009 12:00AM"," "," "," ","DLINK","DPR-1061"," "," ","0","0"," Print Server"," "," "," ","00-26-5A-78-31-E9"," "," "," ","                                               ","General OfficeFactory 1" 
"39","192.168.10.21","Printers","HRLQ2180I"," ","May 4 2010 12:00AM"," ","CD06"," ","EPSON","LQ-2180I"," "," ","0","0"," "," "," "," "," "," "," "," "," ","General OfficeFactory 1" 
"40","192.168.10.22","Printers","DCK01908"," ","May 4 2010 12:00AM"," ","CD01"," ","CANON","IRC2550"," "," ","0","0"," "," "," "," ","00-00-85-BE-5E-FE"," "," "," ","                        ","Production OfficeFactory 2" 
"41","192.168.10.23","Printers","VNC3F03465","OF11-07-165","Jul 11 2011 12:00AM"," ","CD08"," ","HP","Laserjet P1102W"," "," ","0","0"," "," "," "," ","68-B5-99-8A-B0-CB "," "," "," ","                                               ","General OfficeFactory 1" 
"42","192.168.10.24","Printers","707363","OF13-06-197","Jul 31 2013 12:00AM"," ","CD12"," ","FUJI XEROX","DocuCenter - IV C3373"," "," ","0","0"," "," "," "," ","08-00-37-C8-5B-E9"," "," "," ","                                               ","Production OfficeFactory 1" 
"43","192.168.10.25","Printers","NXP05467","OF14-02-212","Feb 13 2014 12:00AM","36","CD13","OCTS-5702008","CANON","MF4720W"," "," ","0","0"," "," "," "," ","2C-9E-FC-5E-64-2E "," "," "," ","                                                                      ","General OfficeFactory 1" 
"44","192.168.10.26","Printers","NXP17757"," ","Jan 13 2015 12:00AM","36"," "," ","Canon","MF4720w"," "," ","0","0"," "," "," "," "," "," "," "," "," ","Warehouse RoomFactory 1" 
"45","192.168.10.27","Printers","NXP17708"," ","Mar 31 2015 12:00AM","24"," "," ","CANON","MF4700 Series"," "," ","0","0"," "," "," "," "," F4-81-39-FE-AB-9C"," "," "," ","                                                                      ","Production OfficeFactory 1" 
"46","192.168.10.30","Accessories","X4YT7Z00010"," ","Apr 19 2018 12:00AM","24"," "," ","EPSON","EB-W39"," "," ","0","0"," "," "," "," "," "," "," "," "," ","Presentation RoomFactory 1" 
"47","192.168.10.31","Accessories","U57K3Y00150"," ","Jun 4 2014 12:00AM","36"," "," ","EPSON Projector","EB-965"," "," ","0","0"," "," "," "," ","AC-18-26-22-16-5B"," "," "," ","                                                                                             ","Presentation RoomFactory 1" 
"48","192.168.10.91","Computer","DW9R52S","FA10-06-146","Feb 23 2011 12:00AM","36","CH-QC-008"," ","DELL","OptiPlex 780","Intel Pentium Dual-core E5400","2.70","160","2048","DELL (DVD/DVD RW)","Sound Card: Onboard","Speaker: Onboard","Lan Card: Onboard","B8-AC-6F-28-13-50","32 bit","Windows 7","Windows 2000","QAQC RAP                                                                         ","QA/QC Test RoomFactory 1" 
"49","192.168.10.91","Monitor","CN-0M875N-64180-04R-15YM","FA10-06-146","Feb 23 2011 12:00AM","36","CH-QC-008"," ","DELL","E170SC - LCD 17 Inch"," "," ","0","0"," "," "," "," "," "," "," "," ","QAQC RAP ","QA/QC Test RoomFactory 1" 
"50","192.168.10.92","Computer","FW9R52S","FA09-08-076","Feb 23 2011 12:00AM","36","CH-QC-007"," ","DELL","OptiPlex 780","Intel Pentium Dual-core E5400","2.70","160","2048","DELL (DVD/DVD RW)","Sound Card: Onboard","Speaker: Onboard","Lan Card: Onboard"," ","32 bit","Windows 7","Windows 2000","QAQC RAP                                                                                                                                            ","QA/QC Test RoomFactory 1" 
"51","192.168.10.92","Monitor","CN-0M875N-64180-0BG-1H4V","FA10-06-146","Feb 23 2011 12:00AM","36","CH-QC-007"," ","DELL","E170SC - LCD 17 Inch"," "," ","0","0"," "," "," "," "," "," "," "," ","QAQC RAP                                             ","QA/QC Test RoomFactory 1" 
"52","192.168.20.37","Accessories","V11H839052"," ","Jan 31 2019 12:00AM","36"," "," ","EPSON","EB-X05 Projector"," "," ","0","0"," "," "," "," "," "," "," "," ","Projector","Presentation RoomFactory 1" 
"53","192.168.10.101","Computer","7RD8GY1","FA13-09-426","Sep 19 2013 12:00AM","36","CH-HR-006","OCTS-5608043","DELL","OptiPlex 3010","Intel Core i3 - 3220","3.30","1024","4096","DELL (DVD/DVD RW)","Sound Card: Onboard","Speaker: Onboard","Lan Card: Onboard"," ","32 bit","Windows 8","Windows 7","HR01                                                                                          ","General OfficeFactory 1" 
"54","192.168.10.101","Monitor","3CQ8364J0H","OF08-12-002","Aug 3 2009 12:00AM"," ","CH-HR-001"," ","HP","W1907V - LCD 19 Inch"," "," ","0","0"," "," "," "," "," "," "," "," ","HR01 ","General OfficeFactory 1" 
"55","192.168.10.102","Computer","DDW7B2S","OF11-11-178","Oct 25 2011 12:00AM","36","CH-HR-004"," ","DELL","OptiPlex 390","Intel Core i3 - 2100","3.1","320","2048","DELL (CD/DVD)","Sound Card: Onboard","Speaker: Onboard","Lan Card: Onboard","D0-67-E5-0E-D9-47","32 bit","Windows 7","Windows 7","HR03                    ","General OfficeFactory 1" 
"56","192.168.10.102","Monitor","CN-04H19R-72872-1AH-E6JM","OF11-11-178","Oct 25 2011 12:00AM","36","CH-HR-004"," ","DELL","E1912HF - LED 18 Inch"," "," ","0","0"," "," "," "," "," "," "," "," ","HR03                       ","General OfficeFactory 1" 
"57","192.168.10.103","Computer","FLLY22S","FA10-11-187","Aug 25 2009 12:00AM","36","CH-HR-002"," ","DELL","OptiPlex 360","Intel Core 2 Duo E7400","2.80","160","1024","DELL (CD/DVD0","Sound Card: Onboard","Speaker: Onboard","Lan Card: Onboard"," 00-25-64-91-B0-F7","32 bit","Windows Vista","Windows XP","HR06","General OfficeFactory 1" 
"58","192.168.10.103","Monitor","CN-0M875N-64180-998-ZXVS","FA10-11-187","Aug 25 2009 12:00AM","36","CH-HR-002"," ","DELL","E170SC - LCD 17 Inch"," "," ","0","0"," "," "," "," "," "," "," "," ","HR06                        ","General OfficeFactory 1" 
"59","192.168.10.105","Computer","6TD8GY1","FA13-09-425","Sep 30 2013 12:00AM","36","CH-BP-004","OCTS-5609030","DELL","OptiPlex 3010","Intel Core i3 - 3220","3.30","1024","4096","DELL (DVD/DVD RW)","Sound Card: Onboard","Speaker: Onboard","Lan Card: Onboard","A4-1F-72-98-85-14","32 bit","Windows 8","Windows 7","BOI04                                                             ","General OfficeFactory 1" 
"60","192.168.10.105","Monitor","CN-0DM06C-64180-37P-0HUL","FA13-09-425","Sep 30 2013 12:00AM","36","CH-BP-004","OCTS-5609030","DELL","E1713SC - LED 17 Inch"," "," ","0","0"," "," "," "," "," "," "," "," ","BOI04                             ","General OfficeFactory 1" 
"61","192.168.10.106","Computer","9BJV72S","OF11-01-159","Feb 22 2013 12:00AM","36","CH-BP-003"," ","DELL","OptiPlex 380","Intel Core 2 Duo E7400","2.93","300","1024","DELL (CD/DVD)","Sound Card: Onboard","Speaker: Onboard","Lan Card: Onboard","BC-30-5B-AA-E5-31","32 bit","Windows 7","Windows 7","BOI03                      ","General OfficeFactory 1" 
"62","192.168.10.106","Monitor","CN-0M875N-64180-04R-165M","OF11-01-159","Feb 22 2013 12:00AM","36","CH-BP-003"," ","DELL","E170SC - 17 Inch"," "," ","0","0"," "," "," "," "," "," "," "," ","BOI03                                   ","General OfficeFactory 1" 
"63","192.168.10.107","Computer","CNX9190Y82","OF09-06-008","Aug 3 2009 12:00AM"," ","CH-BP-001"," ","HP","Prvilion NJ019AA-AKL G3772","Intel Pentium Dual E2220","2.40","160","2048","HP (CD/DVD)","Sound Card: Onboard","Speaker: Onboard","Lan Card: Onboard","00-24-21-3D-27-1D","32 bit","Windows Vista","Windows XP","BOI01                                                                                                                    ","General OfficeFactory 1" 
"64","192.168.10.107","Monitor","E1916H "," ","Mar 8 2016 12:00AM"," "," "," ","DELL","E1916H   18\" LED"," "," ","0","0"," "," "," "," "," "," "," "," ","BOI01","General OfficeFactory 1" 
"65","192.168.10.108","Computer","DCFYB2S","OF12-02-181","Mar 1 2012 12:00AM","36","CH-AC-004"," ","DELL","OptiPlex 390","Intel Core i3 - 2100","3.1","320","2048","DELL (DVD/DVD RW)","Sound Card: Onboard","Speaker: Onboard","Lan Card: Onboard","D0-67-E5-2A-44-19","32 bit","Windows 7","Windows 7","ACC04            ","General OfficeFactory 1" 
"66","192.168.10.108","Monitor","CN-0147F6-74261-570-261M"," ","Sep 11 2015 12:00AM","36","CH-AC-004"," ","DELL","E2016H - LCD 19.45 Inch"," "," ","0","0"," "," "," "," "," "," "," "," ","ACC04                                              ","General OfficeFactory 1" 
"67","192.168.10.110","Computer","HB9922S","OF09-07-034","Oct 12 2011 12:00AM","36","CH-BP-002"," ","DELL","OptiPlex 360","Intel Core 2 Duo E7400","2.80","160","1024","DELL (DVD/DVD RW)","Sound Card: Onboard","Speaker: Onboard","Lan Card: Onboard"," 00-23-AE-9B-03-10","32 bit","Windows Vista","Windows XP","BOI02                                                                                         ","General OfficeFactory 1" 
"68","192.168.10.110","Monitor","CN-OM87N-64180-95Q-3PPU","OF09-07-034","Oct 12 2011 12:00AM","36","CH-BP-002"," ","DELL","E170SC - LCD 17 Inch"," "," ","0","0"," "," "," "," "," "," "," "," ","BOI02","General OfficeFactory 1" 
"69","192.168.10.111","Computer","FB9922S","FA09-07-010","Aug 25 2009 12:00AM","36","CH-QC-002"," ","DELL","OptiPlex 360","Intel Core 2 Duo E7400","2.80","160","1024","DELL (CD/DVD)","Sound Card: Onboard","Speaker: Onboard","Lan Card: Onboard","00-23-AE-9B-09-B9","32 bit","Windows Vista","Windows XP","QAQC07","QA/QC OfficeFactory 1" 
"70","192.168.10.111","Monitor","CN-0M875N-64180-95Q-3PNU","FA09-07-010","Aug 25 2009 12:00AM","36","CH-QC-002"," ","DELL","E1713SC - LCD 17 Inch"," "," ","0","0"," "," "," "," "," "," "," "," ","QAQC07","QA/QC OfficeFactory 1" 
"71","192.168.10.112","Computer","3C9922S","FA09-07-013","Aug 25 2009 12:00AM","36","CH-PC-008"," ","DELL","OptiPlex 360","Intel Core 2 Duo E7400","2.80","160","4096","DELL (CD/DVD)","Sound Card: Onboard","Speaker: Onboard","Lan Card: Onboard","00-23-AE-9A-E5-C6","32 bit","Windows Vista","Windows XP","PC06                                                                                                                             ","Production OfficeFactory 1" 
"72","192.168.10.112","Monitor","CN-0M875N-64180-95Q-3PSU","FA09-07-013","Jan 20 2012 12:00AM","36","CH-PC-011"," ","DELL","E170SC - LCD 17 inch"," "," ","0","0"," "," "," "," "," "," "," "," ","PC06                                                                                                                                                            ","Production OfficeFactory 1" 
"73","192.168.10.112","Printers","G84Y183557","FA12-09-365","Sep 26 2012 12:00AM"," ","CD10"," ","EPSON","LQ-300 II"," "," ","0","0"," "," "," "," "," "," "," "," ","                                               ","Production OfficeFactory 1" 
"74","192.168.10.113","Computer","8GRJ4Y1","2FA13-07-054","Jun 19 2013 12:00AM","36","CH-PE-004"," ","DELL","OptiPlex 3010","Intel Core i3 - 3220","3.30","500","4096","DELL (CD/DVD)","Sound Card: Onboard","Speaker: Onboard","Lan Card: Onboard"," ","32 bit","Windows 7","Windows 7","QAQC08                       ","QA/QC OfficeFactory 1" 
"75","192.168.10.113","Monitor","CN-ODM06C"," 2FA13-07-054","Jun 19 2013 12:00AM","36"," "," ","DELL","E1713Sc"," "," ","0","0"," "," "," "," "," "," "," "," ","QAQC08                       ","QA/QC OfficeFactory 1" 
"76","192.168.10.115","Computer","JB9922S","FA09-07-007","Aug 25 2009 12:00AM","36","CH-QC-003"," ","DELL","OptiPlex 360","Intel Core 2 Duo E7400","2.80","160","1024","DELL (CD/DVD)","Sound Card: Onboard","Speaker: Onboard","Lan Card: Onboard","00-23-AE-9B-08-9F","32 bit","Windows Vista","Windows XP","QAQC01                                                                  ","QA/QC OfficeFactory 1" 
"77","192.168.10.115","Monitor","CN-0M875N-64180-95Q-3PRU","FA09-07-007","Aug 25 2009 12:00AM","36","CH-QC-003"," ","DELL","E1713SC - LCD 17 Inch"," "," ","0","0"," "," "," "," "," "," "," "," ","QAQC01                                ","QA/QC OfficeFactory 1" 
"78","192.168.10.116","Computer","DB9922S","FA09-07-008","Aug 25 2009 12:00AM","36","CH-QC-004"," ","DELL","OptiPlex 360","Intel Core 2 Duo E7400","2.80","160","2048","DELL (CD/DVD)","Sound Card: Onboard","Speaker: Onboard","Lan Card: Onboard","00-23-AE-9A-EA-5E","32 bit","Windows Vista","Windows XP","QAQC04    ","QA/QC OfficeFactory 1" 
"79","192.168.10.116","Monitor","CN-0M875N-64180-95Q-3PEU","FA09-07-008","Aug 25 2009 12:00AM","36","CH-QC-004"," ","DELL","E1713SC - LCD 17 Inch"," "," ","0","0"," "," "," "," "," "," "," "," ","QAQC04                                    ","QA/QC OfficeFactory 1" 
"80","192.168.10.117","Computer","CB9922S","FA09-07-009","Aug 25 2009 12:00AM","36","CH-QC-001"," ","DELL","OptiPlex 360","Intel Core 2 Duo E7400","2.80","160","2048","DELL (CD/DVD)","Sound Card: Onboard","Speaker: Onboard","Lan Card: Onboard","00-23-AE-9B-09-69","32 bit","Windows Vista","Windows XP","QAQC02                                                                                                           ","QAQC 300%Factory 1" 
"81","192.168.10.117","Monitor","CN-0M875N-64180-95Q-3PQU ","FA09-07-009","Aug 25 2009 12:00AM","36","CH-QC-001"," ","DELL","E1713SC - LCD 17 Inch"," "," ","0","0"," "," "," "," "," "," "," "," ","QAQC02                                                                                               ","QAQC 300%Factory 1" 
"82","192.168.10.118","Computer","6LGWB2S","FA12-01-321","Jan 20 2012 12:00AM","36","CH-QC-005"," ","DELL","OptiPlex 390","Intel Core i3 - 2100","3.1","320","2048","DELL (DVD/DVD RW)","Sound Card: Onboard","Speaker: Onboard","Lan Card: Onboard","D0-67-E5-27-34-DD","32 bit","Windows 7","Windows 7","QAQC05      ","QA/QC OfficeFactory 1" 
"83","192.168.10.118","Monitor","CN-04H19R-72872-1AH-AF3M","FA12-01-321","Jan 20 2012 12:00AM","36","CH-QC-005"," ","DELL","E1912Hf - LED 18 Inch"," "," ","0","0"," "," "," "," "," "," "," "," ","QAQC05                                        ","QA/QC OfficeFactory 1" 
"84","192.168.10.119","Computer","BDFYB2S","FA12-03-329","Mar 9 2012 12:00AM","36","CH-QC-006"," ","DELL","OptiPlex 390","Intel Core i3 - 2100","3.1","320","2048","DELL (DVD/DVD RW)","Sound Card: Onboard","Speaker: Onboard","Lan Card: Onboard","D0-67-E5-2A-4C-C6","32 bit","Windows 7","Windows 7","QAQC03      ","QA/QC OfficeFactory 1" 
"85","192.168.10.119","Monitor","CN-04H19R-72872-18A-5NCM","FA12-03-329","Mar 9 2012 12:00AM","36","CH-QC-006"," ","DELL","E1912Hf - LED 18 Inch"," "," ","0","0"," "," "," "," "," "," "," "," ","QAQC03                           ","QA/QC OfficeFactory 1" 
"86","192.168.10.120","Computer","61LSD2S","FA12-09-364","Sep 5 2012 12:00AM","36","CH-QC-010"," ","DELL","OptiPlex 390","Intel Core i3 - 2120","3.30","500","2048","DELL (DVD/DVD RW)","Sound Card: Onboard","Speaker: Onboard","Lan Card: Onboard","78-45-C4-15-6F-07 ","32 bit","Windows 7","Windows 7","QAQC06","QA/QC OfficeFactory 1" 
"87","192.168.10.120","Monitor","CN-0R49DY-64180-276-1TLL","FA12-09-364","Sep 5 2012 12:00AM","36","CH-QC-010"," ","DELL","E1713SC - LCD 17 Inch"," "," ","0","0"," "," "," "," "," "," "," "," ","QAQC06                                      ","QA/QC OfficeFactory 1" 
"88","192.168.10.121","Computer","CSQ7NW1","FA13-05-411","May 28 2013 12:00AM","36","CH-AS-004"," ","DELL","OptiPlex 3010 ","Intel Core i3 - 3220","3.30","500","4096","DELL (DVD/DVD RW)","Sound Card: Onboard","Speaker: Onboard","Lan Card: Onboard","A4-1F-72-63-B7-AD","32 bit","Windows 7","Windows 7","PA01       ","Production OfficeFactory 1" 
"89","192.168.10.121","Monitor","CN-04H19R-72872-1AL-HATM","FA11-11-306","Nov 25 2011 12:00AM","36","CH-AS-003"," ","DELL","E1912HF - LED18.5 Inch"," "," ","0","0"," "," "," "," "," "," "," "," ","PA01                                                                                       ","Production OfficeFactory 1" 
"90","192.168.10.122","Computer","IFW7B2S","FA11-11-306","Nov 25 2011 12:00AM","36","CH-AS-003"," ","DELL","OptiPlex 390","Intel Core i3 - 2100","3.1","320","2048","DELL (DVD/DVD RW)","Sound Card: Onboard","Speaker: Onboard","Lan Card: Onboard","D0-67-E5-0E-E6-4E","32 bit","Windows 7","Windows 7","PA02                                                   ","Production OfficeFactory 1" 
"91","192.168.10.122","Monitor","CN-ODM06C-64180-2BM-37DU","FA13-05-411","May 28 2013 12:00AM","36","CH-AS-004"," ","DELL","E1713SC - LED 17 Inch"," "," ","0","0"," "," "," "," "," "," "," "," ","PA02","Production OfficeFactory 1" 
"92","192.168.10.123","Computer","CHW7B2S","FA11-11-307","Feb 3 2012 12:00AM","36","CH-PD-004"," ","DELL","OptiPlex 390","Intel Core i3 - 2100","3.1","320","2048","DELL (DVD/DVD RW)","Sound Card: Onboard","Speaker: Onboard","Lan Card: Onboard","D0-67-E5-0E-FA-1E","32 bit","Windows 7","Windows 7","MF2PA01                                              ","Production OfficeFactory 2" 
"93","192.168.10.123","Monitor","CN-0DM06C-64180-353-00GU","OF13-07-198","Jun 5 2013 12:00AM","36","CH-AS-005"," ","DELL","E1713SC - LCD 17 Inch"," "," ","0","0"," "," "," "," "," "," "," "," ","MF2PA01                                         ","Production OfficeFactory 2" 
"94","192.168.10.124","Computer","16M0XX1","2FA13-06-053","Jun 24 2013 12:00AM","36","CH-PD-005"," ","DELL","OptiPlex 3010","Intel Core i3 - 3220","3.30","500","4096","DELL (DVD/DVD RW)","Sound Card: Onboard","Speaker: Onboard","Lan Card: Onboard","A4-1F-72-7B-AC-ED","32 bit","Windows 7","Windows 7","PA05                                              ","Production RoomFactory 1" 
"95","192.168.10.124","Monitor","CN-0M875N-64180-95Q-3PVU","FA09-07-014","Aug 25 2009 12:00AM","36","CH-PE-002"," ","DELL","E170SC - LCD 17 Inch"," "," ","0","0"," "," "," "," "," "," "," "," ","PA05                                                                                                                                                                                ","Production OfficeFactory 1" 
"96","192.168.10.125","Computer","87LMG52"," ","Jul 10 2015 12:00AM","36"," "," ","DELL","Inspiron 3748","Intel Core i3-4170","3.70","500","4096"," "," "," "," "," "," ","Windows 8 ","Windows 7","MF2PD03","Production OfficeFactory 2" 
"97","192.168.10.125","Monitor","E2215HVF"," ","Jul 10 2015 12:00AM","36"," "," ","DELL","E2215HVF  21.5 inch"," "," ","0","0"," "," "," "," "," "," "," "," ","MF2PD03                                              ","Production OfficeFactory 2" 
"98","192.168.10.126","Computer","CXK892S","FA11-07-262","Jul 1 2011 12:00AM","36","CH-PD-002"," ","DELL","OptiPlex 380","Intel Core  2 Duo E7500","2.93","320","2048","DELL (DVD/DVD RW)","Sound Card: Onboard","Speaker: Onboard","Lan Card: Onboard","BC-30-5B-C2-AD-50","32 bit","Windows 7","Windows 7","PD02                   ","Production OfficeFactory 1" 
"99","192.168.10.126","Monitor","CN-0R49DY-64180-15H-3HQM","FA11-07-262","Jul 1 2011 12:00AM","36","CH-PD-002"," ","DELL","E170SC - LED 17 Inch"," "," ","0","0"," "," "," "," "," "," "," "," ","PD02  ","Production OfficeFactory 1" 
"100","192.168.10.127","Computer","B8M0XX1","OF13-07-198","Jun 5 2013 12:00AM","36","CH-AS-005"," ","DELL","OptiPlex 3010","Intel Core i3 - 3220","3.30 ","500","4096","DELL (DVD/DVD RW)","Sound Card: Onborad","Speaker: Onboard","Lan Card: Onboard"," ","32 bit","Windows 7","Windows 7","MF2PD01                                                      ","Production OfficeFactory 2" 
"101","192.168.10.127","Monitor","CN-0DM06C-64180-2BM-1JMU","2FA13-06-053","Jun 24 2013 12:00AM","36","CH-PD-005"," ","DELL","E1713SC - LCD 17 Inch"," "," ","0","0"," "," "," "," "," "," "," "," ","MF2PD01                         ","Production OfficeFactory 2" 
"102","192.168.10.128","Monitor","CN-0R49DY-64180-15H-1YWM","FA11-11-307","Feb 3 2012 12:00AM","36","CH-PD-004"," ","DELL","E170SC - LED 17 Inch"," "," ","0","0"," "," "," "," "," "," "," "," ","PD01                                                                 ","Production OfficeFactory 1" 
"103","192.168.10.129","Computer","J28LNW1","2FA13-10-077","Oct 22 2013 12:00AM","36","CH-PD-006","OCTS-5610036","DELL","Optiplex 3010","Intel Core i5 - 3470","3.20","1024","4096","DELL (DVD/DVD RW)","Sound Card: Onboard","Speaker: Onboard","Lan Card: Onboard","A4-1F-72-63-8B-85","32 bit","Windows 8.1  64 bit","Windows 7  32 bit","MF2PD02                                                                                         ","Production OfficeFactory 2" 
"104","192.168.10.129","Monitor","CN-01X2HC-64180-2CD-1VPL","2FA13-10-077 ","Oct 22 2013 12:00AM","36","CH-PD-006","OCTS-5610036","DELL","E2013Hc - LED 20 lnch"," "," ","0","0"," "," "," "," "," "," "," "," ","MF2PD02                                  ","Production OfficeFactory 2" 
"105","192.168.10.130","Computer","88VL22S","FA09-07-011","Aug 25 2009 12:00AM","36","CH-AS-001"," ","DELL","OptiPlex 360","Intel Core 2 Duo E7400","2.80","160","1024","DELL (DVD/DVD RW)","Sound Card: Onboard","Speaker: Onboard","Lan Card: Onboard","00-23-AE-AA-8F-DA","32 bit","Windows Vista","Windows XP","PA03                                                 ","Production OfficeFactory 1" 
"106","192.168.10.130","Monitor","CN-0M875N-64180-97G-1QZU","FA09-07-011","Jan 20 2012 12:00AM","36","CH-PC-008"," ","DELL","E170SC - LCD 17 inch"," "," ","0","0"," "," "," "," "," "," "," "," ","PA03                                              ","Production OfficeFactory 1" 
"107","192.168.10.131","Computer","2KX772S","FA10-11-188 ","Nov 16 2010 12:00AM","36","CH-HR-003"," ","DELL","OptiPlex 380","Intel Core 2 Duo E5400","2.26","320","2048","Lan Card: Onboard"," "," "," ","F0-4D-A2-39-F7-01","32 BIT","Windows 7","Windows 7","HR02                                                                                  ","General OfficeFactory 1" 
"108","192.168.10.131","Monitor","CN-0M875N-64180-0A9-0X3C","FA10-11-188 ","Nov 16 2010 12:00AM","36","CH-HR-003"," ","DELL","E170SC - LCD 17 Inch"," "," ","0","0"," "," "," "," "," "," "," "," ","HR02                                                                     ","General OfficeFactory 1" 
"109","192.168.10.132","Computer","HPHR04","OF08-12-002","Aug 3 2009 12:00AM"," ","CH-HR-001"," ","HP","HP (G3785L)","Intel Core 2 Duo E7300","2.66","480","1024","HP (CD/DVD)","Sound Card: Onboard","Speaker: Onboard","Lan Card: Onboard","00-23-54-BC-A7-DE","32 bit","Windows VIsta","Windows XP","HR04                ","General OfficeFactory 1" 
"110","192.168.10.132","Monitor","CN-0DM06C-64180-38M-2S3L","FA13-09-426","Sep 19 2013 12:00AM","36","CH-HR-006","OCTS-5608043 ","DELL","E1713SC - LCD 17 Inch"," "," ","0","0"," "," "," "," "," "," "," "," ","HR04                                            ","General OfficeFactory 1" 
"111","192.168.10.133","Computer","JV7LNW1","FA13-07-332","Jul 24 2013 12:00AM","36","CH-HR-005"," ","DELL","OptiPlex 3010","Intel Core i5 - 3470","3.60","1024","4096","DELL (DVD/DVD RW)","Sound Card: Onboard","Speaker: Onboard","Lan Card: Onboard","A4-1F-72-6A-37-79","64 bit","Windows 8","Windows 8","HR05                                                             ","General OfficeFactory 1" 
"112","192.168.10.133","Monitor","CN-01X2HC-64180-2C4-2H2S","FA13-07-332","Jun 2 2014 12:00AM","36","CH-HR-005"," ","DELL","E2013HC - LED 20 Inch"," "," ","0","0"," "," "," "," "," "," "," "," ","HR06           ","General OfficeFactory 1" 
"113","192.168.10.135","Computer","77LMG52"," ","Aug 5 2015 12:00AM","36"," "," ","DELL","Inspiron 3847","Intel Core i3-4170","3.7 GHz","500","4096"," "," "," "," "," "," ","Windows 8.1  64bit","Windows 7 32 bit","HR07","Production OfficeFactory 2" 
"114","192.168.10.135","Monitor","E2215HVF"," ","Aug 5 2015 12:00AM","36"," "," ","DELL","E2215HVF 21.5 inch"," "," ","0","0"," "," "," "," "," "," "," "," ","                        ","Production OfficeFactory 2" 
"115","192.168.10.138","Computer","2C9922S","FA09-07-012","Nov 21 2011 12:00AM","36","CH-PC-003"," ","DELL","OptiPlex 360","Intel Core 2 Duo E7400","2.80","160","1024","DELL (CD/DVD)","Sound Card: Onboard","Speaker: Onboard","Lan Card: Onboard","00-23-AE-9B-09-87","32 bit","Windows VIsta","Windows XP","PC09                                 ","Warehouse RoomFactory 1" 
"116","192.168.10.138","Monitor","CN-0M875N-64180-95Q-3PLU","OF09-10-134","Nov 21 2011 12:00AM","36","CH-PC-004"," ","DELL","E170SC- LCD 17 Inch"," "," ","0","0"," "," "," "," "," "," "," "," ","PC09                                                        ","Warehouse RoomFactory 1" 
"117","192.168.10.139","Computer","78VL22S","FA09-08-076","Aug 25 2009 12:00AM","36","CH-PC-001"," ","DELL","OptiPlex 360","Intel Core 2 Duo E7400","2.80","160","1024","DELL (CD/DVD)","Sound Card: Onboard","Speaker: Onboard","Lan Card: Onboard","00-23-AE-AA-90-AF","32 bit","Windows Vista","Windows XP","PC10                                                           ","Warehouse RoomFactory 1" 
"118","192.168.10.139","Monitor","CN-0M875N-64180-97G-1Q3U","FA09-08-076","Aug 25 2009 12:00AM","36","CH-PC-001"," ","DELL","E170SC- LCD 17 Inch"," "," ","0","0"," "," "," "," "," "," "," "," ","PC10                           ","Warehouse RoomFactory 1" 
"119","192.168.10.140","Computer","CLLY22S","FA09-08-074","Sep 16 2009 12:00AM","36","CH-PC-002"," ","DELL","OptiPlex 360","Intel Core 2 Duo E7400","2.80","160","1024","DELL (CD/DVD)","Sound Card: Onboard","Speaker: Onboard","Lan Card: Onboard","00-25-64-91-AD-C4","32 bit","Windows Vista","Windows XP","MF2BC-PC                                               ","Production OfficeFactory 2" 
"120","192.168.10.140","Monitor","CN-OM875N-64180-95Q-3QNU","FA09-07-012","Aug 25 2009 12:00AM","36","CH-AS-001"," ","DELL","E170SC - LCD 17 inch"," "," ","0","0"," "," "," "," "," "," "," "," ","MF2BC-PC             ","Production OfficeFactory 1" 
"121","192.168.10.141","Computer","CZZK7C2"," ","Jul 25 2016 12:00AM","36"," "," ","DELL","Optiplex 3040","Intel Core i3-6100","3.70","1000","4092"," "," "," "," "," "," ","Windows 8.1","Windows 7  32 bit","QAQC09                                              ","QA/QC OfficeFactory 1" 
"122","192.168.10.141","Monitor","SNSE1916H"," ","Jul 25 2016 12:00AM","36"," "," ","DELL","E1916H  LED 18.5\\\\"," "," ","0","0"," "," "," "," "," "," "," "," ","QAQC09                                              ","QA/QC OfficeFactory 1" 
"123","192.168.10.142","Computer","DHXH8F2"," ","Nov 14 2016 12:00AM","60"," "," ","DELL","Dell OptiPlex 3040","Intel","Core i3-6100","500","4096"," "," "," "," "," "," ","Windows 7  32 bit","Windows 8.1 pro 64 bit.","QAQC10","QA/QC OfficeFactory 1" 
"124","192.168.10.142","Monitor","CN-00JPKM-77872-66D-C46U"," ","Nov 14 2016 12:00AM","60"," "," ","DELL","E2216H  21.5\""," "," ","0","0"," "," "," "," "," "," "," "," ","QAQC10                       ","QA/QC OfficeFactory 1" 
"125","192.168.10.143","Computer","DHZL8F2"," ","Nov 14 2016 12:00AM","60"," "," ","DELL","OptiPlex 3040","Intel","Core i3-6100","500","4096"," "," "," "," "," "," ","Windows7  32 bit","Windows8.1 pro 64 bit","QAQC11","QA/QC OfficeFactory 1" 
"126","192.168.10.143","Monitor","CN-00JPKM-77872-66D-C4DU"," ","Nov 14 2016 12:00AM","60"," "," ","DELL","E2216H"," "," ","0","0"," "," "," "," "," "," "," "," ","QAQC11","QA/QC OfficeFactory 1" 
"127","192.168.10.144","Computer","4RF53C2"," ","Dec 22 2016 12:00AM","12"," "," ","DELL","INSPIRON3458","Intel i3-5005U","2.0","500","4096"," "," "," "," "," "," ","Windows 8.1 64 bit","Windows 7  32 bit","QAQC12","QA/QC OfficeFactory 1" 
"128","192.168.10.146","Computer","DJ0K8F2"," ","May 8 2017 12:00AM","60"," "," ","DELL","Optiplex 3040","Intel","i3-6100","500","4096"," "," "," "," "," "," ","Windows  8 .1 64 bit","Windows  7  32bit","QAQC14","QA/QC OfficeFactory 1" 
"129","192.168.10.146","Monitor","CN"," ","May 8 2017 12:00AM","60"," "," ","DELL","E2216H"," "," ","0","0"," "," "," "," "," "," "," "," ","QAQC14
","QA/QC OfficeFactory 1" 
"130","192.168.10.150","Computer","CZYC7C2"," ","Jul 11 2016 12:00AM","36"," "," ","DELL ","OptiPlex 3040","Intel Core i3-6100","3.70 GHz","1000","4096"," "," "," "," "," "," ","Windows 8.1","Windows 7 32 bit.","ACC01","General OfficeFactory 1" 
"131","192.168.10.150","Monitor","CN-ORKH32-72872-55U-A6CB"," ","Jul 11 2016 12:00AM","36"," "," ","DELL ","E2215HVF  21\""," "," ","0","0"," "," "," "," "," "," "," "," ","ACC01","General OfficeFactory 1" 
"132","192.168.10.150","Monitor","CN-0M875N-64180-97G-1QVU","OF09-10-134","Aug 25 2009 12:00AM","36","CH-AC-002"," ","DELL","E170Sc - LCD 17 Inch"," "," ","0","0"," "," "," "," "," "," "," "," ","ACC01                                                                               ","General OfficeFactory 1" 
"133","192.168.10.151","Computer","2CJV72S","OF11-01-158","Feb 22 2011 12:00AM","36","CH-AC-003"," ","DELL","Optiplex 380","Intel Core 2 Duo E7500","2.93","300","1024","DELL (CD/DVD)","Sound Card: Onboard","Speaker: Onboard","Lan Card: Onboard","BC-30-5B-AA-E5-02","32 bit","Windows 7","Windows 7","ACC02","General OfficeFactory 1" 
"134","192.168.10.151","Monitor","CN-0M875N-64180-0BG-1HNU","OF11-01-158","Feb 22 2011 12:00AM","36","CH-AC-003"," ","DELL","E170Sc - LCD 17 Inch"," "," ","0","0"," "," "," "," "," "," "," "," ","ACC02                                          ","General OfficeFactory 1" 
"135","192.168.10.152","Computer","98VL22S","OF09-10-134","Aug 25 2009 12:00AM","36","CH-AC-002"," ","DELL","OptiPlex 360","Intel Core 2 Duo E7400","2.80","160","4096","DELL (CD/DVD)","Sound Card: Onboard","Speaker: Onboard","Lan Card: Onboard","00-23-AE-AA-8E-05","32 bit","Windows 8.1","Windows 7 32 bit.","ACC03                                                           ","General OfficeFactory 1" 
"136","192.168.10.152","Monitor","CN-0R49DY-64180-19U-09SC","OF12-02-181","Mar 1 2012 12:00AM","36","CH-AC-001"," ","DELL","E170SC- LCD 17 Inch"," "," ","0","0"," "," "," "," "," "," "," "," ","ACC03                       ","General OfficeFactory 1" 
"137","192.168.10.153","Computer","DHYM8F2"," ","Jan 4 2017 12:00AM","60"," "," ","DELL","Optiplex3040","Intel Core i3-6100","3.70","500","4096"," "," "," "," "," "," ","Windows 8.1   64 bit","Windows 7 32 bit","ACC05","General OfficeFactory 1" 
"138","192.168.10.153","Monitor","CN-00JPKM-72872-672-CKWI"," ","Jan 4 2017 12:00AM","60"," "," ","DELL","E2216H"," "," ","0","0"," "," "," "," "," "," "," "," ","ACC05","General OfficeFactory 1" 
"139","192.168.10.162","Computer","HWVJNW1","3FA13-10-026","Oct 14 2013 12:00AM","36","CH-MC-001","OCTS-5610036","DELL","OptiPlex 3010","Inte Core i5 - 3470","3.20","1024","4096","DELL (DVD/DVD RW)","Sound Card: Onboard","Speaker: Onboard","Lan Card: Onboard","A4-1F-72-69-8C-DA","32 bit","Windows 8","Windows 7","MIC01                                                                                                           ","Production OfficeFactory 1" 
"140","192.168.10.162","Monitor","CN-01X2HC-64180-2CD-1SFL","3FA13-10-026","Oct 14 2013 12:00AM","36","CH-MC-001","OCTS-5610036","DELL","E2013HC - LED 20 Inch"," "," ","0","0"," "," "," "," "," "," "," "," ","MIC01                                            ","Production OfficeFactory 1" 
"141","192.168.10.163","Computer","SGH402PJPP","3FA14-04-043","Apr 25 2014 12:00AM","36","CH-MC-002","OCTS-5704022","HP","Pro 3330 MT PC","Intel Core i3 - 3220","3.3","1024","4096","SuperMutil DVDRW","Sound Card:Onboard","Speaker: Onboard","Lan Card: Onboard","48-F8-B3-8F-6C-1A","32 bit","Windows 8","Windows 7","MIC02               ","Microclutch OfficeFactory 1" 
"142","192.168.10.163","Monitor","6CM4084FGG","3FA14-04-043","Apr 25 2014 12:00AM","36","CH-MC-002","OCTS-5704022","Hp ","HPLV1911 - LED 19 Inch"," "," ","0","0"," "," "," "," "," "," "," "," ","MIC02                                 ","Microclutch OfficeFactory 1" 
"143","192.168.10.164","Computer","FMVNE5CD3"," ","Aug 3 2009 12:00AM"," ","CH-JP-003"," ","FUJITSU ","FMV-E8140","Intel Celeron CPU 430","1.73","420","1024","CD INCLUDED","Sound Card: Onboard","Speaker: Onboard","Lan Card: Onboard","00-17-42-43-7D-59 ","32 bit","Windows XP","Windows XP","                                                                      ","Production OfficeFactory 2" 
"144","192.168.10.165","Computer","CTG4YC2"," ","May 23 2016 12:00AM","36"," "," ","DELL","Vostro 3650","Intel Core i3 ","3.60","500","4096"," "," "," "," "," "," ","Windows  8.1","Windows  7 32 bit.","MIC03                                              ","Production OfficeFactory 1" 
"145","192.168.10.165","Monitor","H2YPNZ1"," ","May 20 2016 12:00AM","36"," "," ","DELL","E1916H 19\\"," "," ","0","0"," "," "," "," "," "," "," "," ","MIC03                       ","Production OfficeFactory 1" 
"146","192.168.10.167","Computer","1C9922S","OF09-10-134","Sep 16 2009 12:00AM","36","CH-PC-005"," ","DELL","OptiPlex 360","Intel Core 2 Duo E7400","2.80","160","1024","DELL (CD/DVD)","Sound Card: Onboard","Speaker: Onboard","Lan Card: Onboard","00-23-AE-9B-09-76","32 bit","Windows Vista","Windows XP","PC05                      ","Production OfficeFactory 1" 
"147","192.168.10.167","Monitor","CN-0R49DY-64180-15H-1DFM","OF09-10-134 ","Sep 16 2009 12:00AM","36","CH-PC-004"," ","DELL","E170SC - LCD 17 inch"," "," ","0","0"," "," "," "," "," "," "," "," ","PC05                                                        ","Production OfficeFactory 1" 
"148","192.168.10.170","Computer","5BMWC2S","FA12-07-358","Jun 6 2012 12:00AM","36","CH-EN-001"," ","DELL","OptiPlex 390","Intel Core i3 - 2120","3.30","500","2048","DELL (DVD/DVD RW)","Sound Card: Onboard","Speaker: Onboard","Lan Card: Onboard","D4-BE-D9-DC-FA-7D","32 bit","Windows 7","Windows 7","ENG01                                                                                    ","Production OfficeFactory 1" 
"149","192.168.10.170","Monitor","CN-04H19R-72872-1CA-J64L","FA12-07-358","Jun 6 2012 12:00AM","36","CH-EN-001"," ","DELL","E1912HF - LED18.5 Inch"," "," ","0","0"," "," "," "," "," "," "," "," ","ENG01          ","Production OfficeFactory 1" 
"150","192.168.10.173","Computer","GB9922S","OF09-07-033","Aug 25 2009 12:00AM","36","CH-PE-003"," ","DELL","OptiPlex 360","Intel Core 2 Duo E7400","2.80","160","1024","DELL (CD/DVD)","Sound Card: Onboard","Speaker: Onboard","Lan Card: Onborad","00-23-AE-9B-06-26","32 bit","Windows Vista","Windows XP","PE03                                            ","Production OfficeFactory 1" 
"151","192.168.10.173","Monitor","CN-0M875N-64180-O1J-2DYU","OF09-07-033","Aug 25 2009 12:00AM","36","CH-PE-003"," ","DELL","E170SC - LCD 17 Inch"," "," ","0","0"," "," "," "," "," "," "," "," ","PE03                                                                                ","Production OfficeFactory 1" 
"152","192.168.10.175","Computer","6BJ3HD2"," ","Jul 25 2016 12:00AM","36"," "," ","DELL","Optiplex 3040"," ","Intel Core i3-6100","1000","4096"," "," "," "," "," "," ","Windows  8 .1 64 bit","Windows 7 32 bit","PE01","QA/QC OfficeFactory 1" 
"153","192.168.10.175","Monitor","SNSE1916H"," ","Jul 25 2016 12:00AM","36"," "," ","DELL","E1916H LED 18.5\\\""," "," ","0","0"," "," "," "," "," "," "," "," ","PE01","Production OfficeFactory 1" 
"154","192.168.10.176","Computer","D0BP7C2"," ","Jul 25 2016 12:00AM","36"," "," ","DELL","Intel Core i3-6100","3.70"," ","1000","4096"," "," "," "," "," "," ","Windows 8.1","Windows 7  32 bit","PE04","Production OfficeFactory 1" 
"155","192.168.10.176","Computer","lXAR10C024843148541601","OF09-02-004","Aug 3 2009 12:00AM"," ","CH-PE-001"," ","Acer","Aspire 4930","Intel Core 2 Duo CPU E5800","2.00","160","3072","INCLUDED","Sound Card: Onboard","Speaker: Onboard","Lan Card: Onboard","00-21-5D-5F-97-2C","32 bit","Windows 7","Windows 7 32bit","PE02                                   ","Production OfficeFactory 1" 
"156","192.168.10.176","Monitor","SNSE1916H"," ","Jul 25 2016 12:00AM","36"," "," ","DELL","E1916H  LED 18.5\\"," "," ","0","0"," "," "," "," "," "," "," "," ","PE04","Production OfficeFactory 1" 
"157","192.168.10.178","Computer","D08J7C2"," ","Jul 25 2016 12:00AM","36"," "," ","DELL","OptiPlex 3040","Intel Core i3-6100","3.70","1000","4096"," "," "," "," "," "," ","Windows 8.1","Windows 7  32 bit","PE05","Production OfficeFactory 1" 
"158","192.168.10.178","Monitor","SNSE1916H"," ","Jul 25 2016 12:00AM","36"," "," ","DELL","E1916H  LED 18.5\""," "," ","0","0"," "," "," "," "," "," "," "," ","PE05","Production OfficeFactory 1" 
"159","192.168.10.179","Computer","D00J7C2"," ","Jul 25 2016 12:00AM","36"," "," ","DELL","Optiplex 3040","Intel Core i3-6100"," 3.70","1000","4096"," "," "," "," "," "," ","Windows  8.1 ","Windows 7 32 bit","PE06                    ","Production OfficeFactory 1" 
"160","192.168.10.179","Monitor","SNSE1916H"," ","Jul 25 2016 12:00AM","36"," "," ","DELL","E1916H  LED 18.5\""," "," ","0","0"," "," "," "," "," "," "," "," ","PE06","Production OfficeFactory 1" 
"161","192.168.10.179","Monitor","CN-0DM06C-64180-35L-1A4L","2FA13-07-054","Jun 19 2013 12:00AM","36","CH-PE-004"," ","DELL","E1713SC - LCD 17 Inch"," "," ","0","0"," "," "," "," "," "," "," "," "," ","Production OfficeFactory 2" 
"162","192.168.10.181","Computer","BLLY22S"," ","Aug 25 2009 12:00AM","36","CH-PD-001"," ","DELL","OptiPlex 360","Intel Core 2 Duo E7400","2.80","160","1024","DELL (CD/CD RW)","Sound Card: Onboard","Speaker: Onboard","Lan Card: Onboard","00-25-64-91-A2-57","32 bit","Windows Vista","Windows XP","PD04                             ","Production RoomFactory 1" 
"163","192.168.10.181","Monitor","CN-0M875N-64180-154-0YUL","OF09-10-134","Aug 25 2009 12:00AM","36","CH-PD-001"," ","DELL","E1713SC - LCD 17 Inch"," "," ","0","0"," "," "," "," "," "," "," "," ","PD04        ","Production RoomFactory 1" 
"164","192.168.10.183","Computer","DHW7B2S","FA11-11-305","Nov 8 2011 12:00AM","36","CH-PD-003"," ","DELL","OptiPlex 390","Intel Core i3 - 2100","3.1","320","2048","DELL (DVD/DVD RW)","Sound Card: Onboard","Speaker: Onboard","Lan Card: Onboard","D0-67-E5-0E-FE-20","32 bit","Windows 7","Windows 7","PD03","Production OfficeFactory 1" 
"165","192.168.10.183","Monitor","CN-0R49DY-64180-15H-20GM","FA11-11-305","Nov 8 2011 12:00AM","36","CH-PD-003"," ","DELL","E170SC - LED 17 Inch"," "," ","0","0"," "," "," "," "," "," "," "," ","PD03                                         ","Production OfficeFactory 1" 
"166","192.168.10.189","Computer","CFTF72S","FA11-09-280","Sep 21 2011 12:00AM","36","CH-AS-002"," ","DELL","OptiPlex 780","Intel Core 2 Duo E7500","2.93","320","2048","DELL (DVD/DVD RW)","Sound Card: Onboard","Speaker: Onboard","Lan Card: Onboard","34-08-04-9B-19-78","32 bit","Windows 7","Windows 7","PA04","Assembly AreaFactory 1" 
"167","192.168.10.189","Monitor","CN-0M875N-64180-154-0YUL","FA11-09-280","Sep 21 2011 12:00AM","36","CH-AS-002"," ","DELL","E170Sc - LCD 17 Inch"," "," ","0","0"," "," "," "," "," "," "," "," ","PA04","Assembly AreaFactory 1" 
"168","192.168.10.190","Computer","JJX772S","FA09-08-075 ","Nov 16 2010 12:00AM","36","CH-PC-007"," ","DELL","OptiPlex 380","Intel Core 2 Duo E5400","2.70","300","4096","DELL (DVD/DVD RW)","Sound Card: Onboard","Speaker: Onboard","Lan Card: Onboard","BC-30-5B-98-97-C9","32 bit","Windows 7","Windows 7","PC04                                                                                                                                                    ","Production OfficeFactory 1" 
"169","192.168.10.190","Monitor","CN-0R49DY-64180-19U-094C","FA12-02-328","Feb 3 2012 12:00AM","36","CH-PC-012"," ","DELL","E170SC- LCD 17 Inch"," "," ","0","0"," "," "," "," "," "," "," "," ","PC04                                              ","Production OfficeFactory 1" 
"170","192.168.10.191","Computer","2LGWB2S","FA12-01-320","Jan 20 2012 12:00AM","36","CH-PC-011"," ","DELL","OptiPlex 390","Intel Core i3 - 2100","3.1","320","2048","DELL (DVD/DVD RW)","Sound Card: Onboard","Speaker: Onboard","Lan Card: Onboard","D0-67-E5-24-A1-1E","32 bit","Windows 7","Windows 7","PC02                                                                                             ","Production OfficeFactory 1" 
"171","192.168.10.191","Monitor","E1916H "," ","Mar 8 2016 12:00AM"," "," "," ","DELL","E1916H   18\\"," "," ","0","0"," "," "," "," "," "," "," "," ","PC02            ","Production OfficeFactory 1" 
"172","192.168.10.192","Computer","26BX992"," ","Feb 25 2016 12:00AM","36"," "," ","DELL","Inspiron 3748","Intel Core i3-4170","3.70 GHz","500","4096"," "," "," "," "," "," ","Windows 8  64bit","Windows 7 32 bit","PC01","Production OfficeFactory 1" 
"173","192.168.10.192","Monitor","E1916H "," ","Feb 25 2016 12:00AM"," "," "," ","DELL","E1916H   18\" LED"," "," ","0","0"," "," "," "," "," "," "," "," ","PC01","Production OfficeFactory 1" 
"174","192.168.10.192","Monitor","CN-0M875N-64180-0A9-0Y4C","FA09-08-075 ","Nov 16 2010 12:00AM","36","CH-PC-007"," ","DELL","E170SC - LCD 17 inch"," "," ","0","0"," "," "," "," "," "," "," "," ","PC01                                   ","Production OfficeFactory 1" 
"175","192.168.10.193","Computer","2FF81H2"," ","Nov 20 2018 12:00AM","36"," "," ","Dell","OptiPlex 3046","InterCore i3-6100","3.70","1000","4096"," "," "," "," "," "," ","Windows 7  32 bit","Windows  7 32 bit","PC07","Production OfficeFactory 1" 
"176","192.168.10.193","Monitor","E2016H"," ","Aug 8 2017 12:00AM","36"," "," ","Dell","E2016H"," "," ","0","0"," "," "," "," "," "," "," "," ","PC07                         ","Production OfficeFactory 1" 
"177","192.168.10.194","Computer","3YK892S"," ","Jul 1 2011 12:00AM","36","CH-IT-009"," ","DELL","OptiPlex 380","Intel Core 2 Duo E7500"," 2.93","320","2048","DELL (DVD/DVD RW)","Sound Card: Onboard","Speaker: Onboard","Lan Card: Onboard","BC-30-5B-C2-AB-4E ","32 bit","Windows 7","Windows 7","PRESENT-ROOM                                   ","Presentation RoomFactory 1" 
"178","192.168.10.195","Computer","DLLY22S","OF09-10-134 ","Sep 16 2009 12:00AM","36","CH-PC-004"," ","DELL","OptiPlex 360","Intel Core 2 Duo E7400","2.80","160","4096","DELL (CD/DVD)","Sound Card: Onboard","Speaker: Onboard","Lan Card: Onboard","00-25-64-91-A1-1C","32 bit","Windows Vista","Windows XP","PC03                                                                                              ","Production OfficeFactory 1" 
"179","192.168.10.195","Monitor","CN-0M875N-64180-998-1XZS","FA09-08-074","Sep 16 2009 12:00AM","36","CH-PC-002"," ","DELL","E170SC - LCD 17 inch"," "," ","0","0"," "," "," "," "," "," "," "," ","PC03                                                                                                 ","Production OfficeFactory 1" 
"180","192.168.10.196","Computer","BFTF72S","FA11-07-260","Oct 31 2011 12:00AM","36","CH-PC-010"," ","DELL","OptiPlex 780","Intel Core 2 Duo E7500","2.93","320","2048","DELL (DVD/DVD RW)","Sound Card: Onboard","Speaker: Onboard","Lan Card: Onboard","84-2B-2B-B0-1A-78","32 bit","Windows 7","Windows 7","PC08                         ","Production OfficeFactory 1" 
"181","192.168.10.197","Computer","FBCYB2S","FA12-02-328","Feb 3 2012 12:00AM","36","CH-PC-012"," ","DELL","OptiPlex 390","Intel Core i3 - 2100","3.1","320","2048","DELL (DVD/DVD RW)","Sound Card: Onboard","Speaker: Onboard","Lan Card: Onboard","D0-67-E5-29-FD-C9","32 bit","Windows 7","Windows 7","PC07                                                         ","Production OfficeFactory 1" 
"182","192.168.10.197","Monitor","CN-04H19R-72872-1AH-D61M","FA12-01-320","Jan 20 2012 12:00AM","36","CH-PC-005"," ","DELL","E1912HF - LED18.5 Inch"," "," ","0","0"," "," "," "," "," "," "," "," ","PC07                                                                                            ","Production OfficeFactory 1" 
"183","192.168.10.198","Computer","26BX992"," ","Feb 26 2016 12:00AM"," "," "," ","DELL","PC_3847","Core i3-4170","3.7","500","4096"," "," "," "," "," "," ","Windows 8","Windows 7 32 bit","PC01                       ","Production OfficeFactory 1" 
"184","192.168.10.198","Monitor","CN-0DFDMY-72872-5AT-CL4B-A00"," ","Feb 26 2016 12:00AM","36"," "," ","DELL ","E1916H  LED 19\\"," "," ","0","0"," "," "," "," "," "," "," "," ","PC01                    ","Production OfficeFactory 1" 
"185","192.168.10.199","Computer","HPWH001","OF09-04-006","Aug 3 2009 12:00AM","36","CH-PC-006"," ","HP","HP Pavilion","Intel Core 2 Duo E4500","2.20","480","1024","HP (CD/DVD)","Sound Card: Onboard","Speaker: Onboard","Lan Card: Onboard","00-24-21-5C-6A-50","32 bit","Windows Vista","Windows XP","PC11              ","Warehouse RoomFactory 1" 
"186","192.168.10.199","Monitor","HSTND-2511-T","OF09-04-006","Aug 3 2009 12:00AM","36","CH-PC-006"," ","Hp ","FW660AA"," "," ","0","0"," "," "," "," "," "," "," "," ","PC11     ","Warehouse RoomFactory 1" 
"187","192.168.10.199","Printers","SFVY027318","OF09-11-138 ","May 4 2010 12:00AM"," ","CD07"," ","EPSON","LQ-590"," "," ","0","0"," "," "," "," "," "," "," "," ","                                                                                             ","Warehouse RoomFactory 1" 
"188","192.168.10.199","Printers","LFMG16350","FA13-01-394","Feb 23 2013 12:00AM","12","CD11"," ","CANON","MP 287"," "," ","0","0"," "," "," "," "," "," "," "," ","                        ","Warehouse RoomFactory 1" 
"189","192.168.10.219","Computer","67SH0160995","OF14-04-213","Apr 14 2014 12:00AM"," ","CH-JP-001","OCTS-5704031","FUJITSU","Liftbook","Intel Core i5 3230M","2.53","750","8192","DVD INCLUDED","Sound Card: Onboard","Speaker: Onboard","Lan Card: Onboard","C0-D9-62-37-43-27","64 bit","Windows 8","Windows 8","                                                                                             ","MD RoomFactory 1" 
"190","192.168.10.219","Monitor","CN-0MDCK2-64180-3A9-18JT","OF14-01-211","Apr 14 2014 12:00AM","36","CH-JP-001","OCTS-5701034 ","DELL","S2340CC - LCD 23 Inch"," "," ","0","0"," "," "," "," "," "," "," "," ","                        ","MD RoomFactory 1" 
"191","192.168.10.224","Computer","X501HTWTMOU01-14052300900024"," ","Jan 7 2015 12:00AM","12","Order from Japan"," ","Mouse Computer","X501HT","Intel(R) Core(TM) i7-4500","2.40","250","8192"," "," "," "," "," "," 32 bit","Windows 8.1 Pro","Windows 8.1 Pro","                        ","QA/QC OfficeFactory 1" 
"192","192.168.10.231","Computer","NK860TUE8H00150"," ","Aug 3 2009 12:00AM"," ","CH-JP-004"," ","EPSON","Endeavor","Intel Core 2 Duo CPU P8600","2.40","500","2048","CD INCLUDED","Sound Card: Onboard","Speaker: Onboard","Lan Card: Onboard","00-16-EA-70-05-8C","32 bit","Windows Vista","Windows XP","                                               ","Production OfficeFactory 1" 
"193","192.168.10.231","Monitor","CN-01X2HC-64180-2CD-1XJL"," ","Oct 17 2013 12:00AM","36","CH-JP-004"," ","DELL","E2013HC - LED 20 Inch"," "," ","0","0"," "," "," "," "," "," "," "," ","                                                                                                                    ","Production OfficeFactory 1" 
"194","192.168.10.232","Computer","JP011","FA11-05-212","Oct 12 2013 12:00AM"," ","CH-JP-011"," ","MOUSE","Mouse Computer/TWH","Intel Core i7","2.0","500","4096","INCLUDED","Sound Card: Onboard","Speaker: Onboard","Lan Card: Onboard","48-5D-60-D5-E5-18","32 bit","Windows 7","Windows 7","                                               ","Production OfficeFactory 1" 
"195","192.168.10.233","Computer","55YPMBX","FA09-08-072","Aug 3 2009 12:00AM"," ","CH-JP-007"," ","DELL","LATITUDE E5500","Intel Core 2 Duo CPU P8600","2.40","220","2048","CD INCLUDED","Sound Card: Onboard","Speaker: Onboard","Lan Card: Onboard","00-22-FB-83-96-E2","32 bit","Windows Vista","Windows XP","                                                                      ","Production OfficeFactory 1" 
"196","192.168.10.234","Computer","SEIGI2"," ","Jul 28 2015 12:00AM"," "," "," ","TOSHIBA","Dynabook","Intel core i5 4310M","2.70","280","4096"," "," "," "," "," "," ","Windows 7","Windows 7","                        ","Production OfficeFactory 1" 
"197","192.168.10.235","Computer","C101V222"," ","Aug 3 2009 12:00AM"," ","CH-JP-006"," ","MOUSE","MOUSE","Intel Celeron  540","1.86","320","2048","CD INCLUDED","Sound Card: Onboard","Speaker: Onboard","Lan Card: Onboard","00-1D-D9-DF-71-48","32 bit","Windows Vista","Windows Vista","                                                                      ","QA/QC OfficeFactory 1" 
"198","192.168.10.237","Computer","CNX9100PZ1","OF09-04-005","May 26 2014 12:00AM"," ","CH-JP-002"," ","HP","Pavilion NJO23AA-AKL G37851","Intel Core 2 Duo E4500","2.26","480","2048","HP (CD/DVD)","Sound Card: Onboard","Speaker: Onboard","Lan Card: Onboard"," ","32 bit","Windows Vista","Windows XP","                                               ","General OfficeFactory 1" 
"199","192.168.10.237","Monitor","MY19HDBSB03609W","OF10-02-147","Aug 3 2009 12:00AM"," ","CH-JP-005"," ","SAMSUNG","943SNXPLUS"," "," ","0","0"," "," "," "," "," "," "," "," ","                                               ","General OfficeFactory 1" 
"200","192.168.10.238","Computer","45YPMBX","FA09-08-071","Aug 3 2009 12:00AM"," ","CH-JP-005"," ","DELL","LATITUDE E5500","Intel Core 2 Duo CPU P8600","2.40","220","2048","CD INCLUDED","Sound Card: Onboard","Speaker: Onboard","Lan Card: Onboard","00-22-FB-83-A5-20","32 bit","Windows Vista","Windows XP","                                                                                             ","Production OfficeFactory 1" 
"201","192.168.10.238","Monitor","MY19HDBSB04629D","OF10-02-147","Aug 3 2009 12:00AM"," ","CH-JP-005"," ","SAMSUNG","Sycmaster 943 19 Inch"," "," ","0","0"," "," "," "," "," "," "," "," ","                                                                                                                    ","Production OfficeFactory 1" 
"202","192.168.10.239","Computer","R8H1Z6P","FA11-06-223","May 22 2011 12:00AM"," ","CH-JP-009"," ","LENUVO","M Series"," "," ","0","0","INCLUDED","Sound Card: Onboard","Speaker: Onboard","Lan Card: Onboard","10-78-D2-9C-80-D8","64 bit","Windows 7","Windows 7","                                                                                                                    ","Production OfficeFactory 1" 
"203","192.168.10.239","Monitor","V6-RR843","FA11-06-223","May 22 2011 12:00AM"," ","CH-JP-009"," ","LENUVO","L2251PWD - 22 Inch"," "," ","0","0"," "," "," "," "," "," "," "," ","                        ","Production OfficeFactory 1" 
"204","192.168.10.240","Computer","2624868CA","FA12-11-369","Nov 26 2012 12:00AM"," ","CH-JP-008"," ","NEC","Lavie LL750/H","Intel Core i7","2.3","1024","8192","CD INCLUDED","Sound Card: Onboard","Speaker: Onboard","Lan Card: Onboard","8C-70-5A-92-FF-04","64 bit","Windows 7","Windows 7 32 bit","                                                                                                                    ","Production OfficeFactory 1" 
"205","192.168.10.242","Computer","PPM401SCVSSBP"," ","Oct 14 2013 12:00AM"," ","CH-JP-010"," ","TOSHIBA","Portage M600 Series","Intel Celeron","1.86","80","2048","INCLUDED","Speaker: Onboard","Lan Card: Onboard"," ","10-6F-3F-46-98-DA ","32 bit","Windows 7","Windows 7","                                               ","Production OfficeFactory 1" 
"206","192.168.10.242","Monitor","CN-01X2HC-64180-2CP-0Q6L","3FA13-10-001","Oct 14 2013 12:00AM","36","CH-JP-010","OCTS-5610041","DELL","E1912HF - LED 20 Inch"," "," ","0","0"," "," "," "," "," "," "," "," ","                                               ","Production OfficeFactory 1" 
"207","192.168.10.243","Computer","3VNQQQ1","OF11-11-177","Nov 4 2011 12:00AM","36","CH-IT-007"," ","DELL","Vostro 3450","Intel Core i5-2410M","2.30","500","4096","INCLUDED","Sound Card: Onboard","Speaker: Onboard","Lan Card: Onboard","BC-77-37-C7-C2-F2","32 bit","Windows 7","Windows 7","                                               ","Production OfficeFactory 1" 
"208","192.168.10.243","Monitor","CN-0R49DY-64180-15H-3GHM","FA11-07-261","Jul 1 2011 12:00AM","36","CH-IT-009"," ","DELL","E170SC - LCD 17 inch"," "," ","0","0"," "," "," "," "," "," "," "," ","PRESENT-ROOM (Mr.Supakit USE)                                             ","Production OfficeFactory 1" 
"209","192.168.10.244","Computer","78W282S","OF11-02-161","Feb 21 2011 12:00AM","36","CH-IT-005"," ","DELL","OptiPlex 380","Intel Core 2 Duo E7500","2.93","300","3072","DELL (CD/DVD)","Sound Card: Onboard","Speaker: Onboard","Lan Card: Onboard","BC-30-5B-B1-3D-28","32 bit","Windows 7","Windows 7","IT04                                                                     ","Production OfficeFactory 1" 
"210","192.168.10.244","Monitor","CN-0M875N-64180-0BG-1H9U","OF11-02-161","Feb 21 2011 12:00AM","36","CH-IT-005"," ","DELL ","E170SC - LCD 17 Inch"," "," ","0","0"," "," "," "," "," "," "," "," ","IT04                                                         ","Production OfficeFactory 1" 
"211","192.168.10.245","Computer","5ZP5GY1","FA13-08-424","Aug 8 2013 12:00AM","36","CH-IT-008","OCTS-5608009","DELL","OptiPlex 3010","Intel Core i3 - 3220","3.30","500","4096","DELL (DVD/DVD RW)","Sound Card: Onboard","Speaker: Onboard","Lan Card: Onboard","A4-1F-72-95-C0-FC"," ","Windows 7","Windows 7","IT03                    ","Production OfficeFactory 1" 
"212","192.168.10.245","Monitor","CN-ODMO6C-64180-35C-19NL","FA13-08-424","Aug 8 2013 12:00AM","36","CH-IT-008"," ","DELL","E1713SC - LED 17 Inch "," "," ","0","0"," "," "," "," "," "," "," "," ","IT03                                                           ","Production OfficeFactory 1" 
"213","192.168.10.246","Computer","Laptopcenter"," ","Aug 8 2011 12:00AM","12","CH-IT-006"," ","HP","CPQ43-473AU","AMD Dual-Core E-350","1.6","640","2048","INCLUDED","Sound Card: Onboard","Speaker: Onboard","Lan Card: Onboard"," ","32 bit","Windows 7","Windows 7"," ","Production OfficeFactory 1" 
"214","192.168.10.247","Computer","DMN2VG2"," ","Aug 8 2017 12:00AM","36"," "," ","Dell","OptiPlex 3046","Inter Core i3-6100","3.70 ","1000","4096"," "," "," "," "," "," ","Windows10 Pro 64 bit","Windows 7 32 bit","IT05                      ","Production OfficeFactory 1" 
"215","192.168.10.247","Monitor","CN-0M875N-64180-998-1Y1S"," OF09-10-134","Oct 31 2011 12:00AM","36","CH-PC-010"," ","DELL","E170SC - LCD 17 inch"," "," ","0","0"," "," "," "," "," "," "," "," ","IT05                                                              ","Production OfficeFactory 1" 
"216","192.168.10.248","Computer","JYPMATSUMOTO"," ","Sep 21 2014 12:00AM"," "," "," "," "," "," "," ","0","0"," "," "," "," "," "," ","Windows 7","Windows 7"," ","Production OfficeFactory 1" 
"217","192.168.10.249","Computer","-"," ","May 18 2015 12:00AM"," "," "," ","Panasonic"," ","Intel Core i5 ","2.30 GHz.","0","4096"," "," "," "," "," "," ","Windows 7","Windows  7"," ","Production OfficeFactory 1" 
"218","192.168.10.250","Computer","BB9922S","FA09-07-014","Aug 25 2009 12:00AM","36","CH-PE-002"," ","DELL","Optiplex 360","Intel Core 2 Duo E7400","2.80","160","1024","DELL (CD/DVD)","Sound Card: Onboard","Speaker: Onboard","Lan Card: Onboard","84-C9-B2-82-20-EE","32 bit","Windows Vista","Windows XP","PRESENT-ROOM                                                                                                                                                                                 ","Production OfficeFactory 1" 
"219","192.168.10.251","Computer","KUMI119"," ","Jul 28 2015 12:00AM"," "," "," ","TOSHIBA","Dynabook","Intel Core i5 4310M","2.70","280","4096"," "," "," "," "," "," ","Windows 7","Windows 7","                        ","Production OfficeFactory 2" 
"220","192.168.10.254","Accessories","COM4910GRA","OF09-07-031","Jan 1 2009 12:00AM"," "," "," ","JUNIPER NETWORK","SSG5"," "," ","0","0"," "," "," "," ","00-23-9C-35-0A-8B"," "," "," "," ","Server RoomFactory 1" 
